<?xml version="1.0" encoding="UTF-8"?>
<project-private xmlns="http://www.netbeans.org/ns/project-private/1">
    <editor-bookmarks xmlns="http://www.netbeans.org/ns/editor-bookmarks/2" lastBookmarkId="0"/>
    <open-files xmlns="http://www.netbeans.org/ns/projectui-open-files/2">
        <group>
            <file>file:/C:/xampp/htdocs/news/assets/js/jquery.dataTables.min.js</file>
            <file>file:/C:/xampp/htdocs/news/application/views/dashboard/design/left.php</file>
            <file>file:/C:/xampp/htdocs/news/application/controllers/dashboard.php</file>
            <file>file:/C:/xampp/htdocs/news/application/controllers/view.php</file>
            <file>file:/C:/xampp/htdocs/news/application/views/dashboard/design/footer.php</file>
            <file>file:/C:/xampp/htdocs/news/application/views/dashboard/design/header.php</file>
            <file>file:/C:/xampp/htdocs/news/application/views/dashboard/news/all_news.php</file>
            <file>file:/C:/xampp/htdocs/news/assets/js/custom.js</file>
            <file>file:/C:/xampp/htdocs/news/application/views/dashboard/index.php</file>
            <file>file:/C:/xampp/htdocs/news/application/models/db_model.php</file>
            <file>file:/C:/xampp/htdocs/news/application/views/dashboard/adv/edit.php</file>
        </group>
    </open-files>
</project-private>
